,precision,recall,f1-score,support
cat,0.9693063228974831,0.9132446500867554,0.9404407385348421,1729.0
dog,0.7482614742698191,0.8996655518394648,0.8170083523158694,598.0
lion,0.994475138121547,0.9,0.9448818897637795,200.0
monkey,0.8440860215053764,0.785,0.8134715025906736,200.0
wolf,0.7877358490566038,0.835,0.8106796116504854,200.0
accuracy,0.8954560983942603,0.8954560983942603,0.8954560983942603,0.8954560983942603
macro avg,0.8687729611701659,0.866582040385244,0.86529641897113,2927.0
weighted avg,0.9049027658489257,0.8954560983942603,0.8979841586650561,2927.0
